id;first_name;last_name;email;gender;ip_address
1;Georgena;Huison;ghuison0@howstuffworks.com;Genderqueer;46.100.156.215
2;Ardelia;Andre;aandre1@pen.io;Female;207.206.244.110
3;Lief;Dudderidge;ldudderidge2@privacy.gov.au;Male;37.231.193.178
4;Eden;Hattam;ehattam3@last.fm;Female;117.81.229.30
5;Rey;Heinssen;rheinssen4@artisteer.com;Male;96.239.180.124
6;Maximo;Gillum;mgillum5@cdc.gov;Male;220.15.138.144
7;Caprice;Sutcliff;csutcliff6@sfgate.com;Female;169.237.210.117
8;Gail;Calfe;gcalfe7@amazon.com;Female;82.216.131.191
9;Maddy;Gildea;mgildea8@apple.com;Female;134.24.118.228
10;Bartholomew;Cauley;bcauley9@tiny.cc;Male;136.32.164.121
11;Ralf;Laity;rlaitya@merriam-webster.com;Male;182.208.115.86
12;North;Hewson;nhewsonb@usda.gov;Male;32.197.165.117
13;Dav;Prettejohns;dprettejohnsc@wufoo.com;Bigender;119.80.144.180
14;Mandi;Vasiliev;mvasilievd@123-reg.co.uk;Female;88.161.183.226
15;Katha;Hinkensen;khinkensene@ucsd.edu;Agender;137.28.210.42
16;Mateo;Barabisch;mbarabischf@ftc.gov;Male;42.187.247.156
17;Faina;Sebert;fsebertg@csmonitor.com;Female;50.45.3.38
18;Enrico;Mendenhall;emendenhallh@princeton.edu;Male;54.124.211.242
19;Berkie;Deveril;bdeverili@howstuffworks.com;Male;214.70.150.10
20;Jacquie;Hassey;jhasseyj@newsvine.com;Female;149.13.191.208
21;Antons;Bouzek;abouzekk@1und1.de;Male;70.94.40.26
22;Nannie;Blois;nbloisl@princeton.edu;Female;37.143.11.101
23;Knox;Springford;kspringfordm@stanford.edu;Male;54.166.148.243
24;Ingamar;Doles;idolesn@sitemeter.com;Male;198.253.217.4
25;Suzann;Tatters;statterso@clickbank.net;Female;23.255.150.138
26;Lombard;Pietrusiak;lpietrusiakp@hatena.ne.jp;Male;55.150.213.134
27;Doug;Kilduff;dkilduffq@weibo.com;Male;11.91.121.153
28;Stavro;Tipens;stipensr@soundcloud.com;Male;214.179.219.243
29;Enid;Barkus;ebarkuss@unesco.org;Female;141.123.172.194
30;Rosemaria;Kemell;rkemellt@deviantart.com;Female;148.8.218.139
31;Jone;Padly;jpadlyu@amazon.co.uk;Male;198.164.52.147
32;Zerk;Frugier;zfrugierv@myspace.com;Male;105.147.39.166
33;Jehu;Izkoveski;jizkoveskiw@army.mil;Male;64.113.171.25
34;Zulema;Dran;zdranx@princeton.edu;Female;39.198.75.185
35;Nicolai;Kyles;nkylesy@apple.com;Male;70.159.68.214
36;Skipton;Lafont;slafontz@storify.com;Male;52.137.56.58
37;Arlan;Sandes;asandes10@mlb.com;Male;231.173.1.111
38;Fletcher;Oswell;foswell11@google.it;Agender;127.21.17.190
39;Amy;Slowey;aslowey12@infoseek.co.jp;Polygender;191.136.6.26
40;Stillmann;Levett;slevett13@tinyurl.com;Male;154.184.67.193
41;Bengt;Note;bnote14@loc.gov;Male;211.65.231.96
42;Ode;Balfre;obalfre15@fastcompany.com;Male;25.75.123.209
43;Vina;Yong;vyong16@php.net;Female;101.80.71.210
44;Dory;Jolliff;djolliff17@paginegialle.it;Male;254.19.17.122
45;Mick;Goldsmith;mgoldsmith18@google.pl;Male;8.144.13.129
46;Dom;Cockell;dcockell19@ibm.com;Male;200.169.172.229
47;Kesley;Derl;kderl1a@1und1.de;Female;217.44.84.50
48;Derrek;Poppy;dpoppy1b@cdc.gov;Male;93.91.77.205
49;Layton;Hopkynson;lhopkynson1c@latimes.com;Male;69.21.53.225
50;Melony;Ivasyushkin;mivasyushkin1d@fotki.com;Female;216.62.24.247
51;Emmye;Woofendell;ewoofendell1e@list-manage.com;Female;212.58.105.88
52;Cordelie;Rushford;crushford1f@amazon.co.jp;Female;102.207.4.201
53;Viola;Daber;vdaber1g@trellian.com;Female;82.30.203.24
54;Walther;Fattori;wfattori1h@shinystat.com;Male;147.116.2.96
55;Joela;Stairmand;jstairmand1i@senate.gov;Female;147.26.22.152
56;Susanne;Rowswell;srowswell1j@skyrock.com;Female;243.183.147.56
57;Hanson;Grewar;hgrewar1k@usda.gov;Male;122.193.50.61
58;Monte;Golds;mgolds1l@chicagotribune.com;Male;221.165.227.142
59;Zara;Cherrie;zcherrie1m@sun.com;Female;139.144.53.25
60;Lester;Happert;lhappert1n@umich.edu;Male;108.25.244.168
61;Abagael;Laidlaw;alaidlaw1o@is.gd;Female;68.179.79.143
62;Cary;Huttley;chuttley1p@artisteer.com;Bigender;25.205.39.72
63;Norby;Goodlip;ngoodlip1q@altervista.org;Male;181.8.39.186
64;Alessandro;Bilbery;abilbery1r@homestead.com;Genderfluid;140.222.110.80
65;Keeley;Allport;kallport1s@prnewswire.com;Female;236.107.17.47
66;Benjamin;Soitoux;bsoitoux1t@washington.edu;Male;225.24.58.218
67;Jorie;Kamena;jkamena1u@cnn.com;Female;88.74.198.2
68;Benjie;Bendik;bbendik1v@vimeo.com;Genderqueer;20.0.120.211
69;Deva;Gouldstraw;dgouldstraw1w@shop-pro.jp;Female;140.89.255.188
70;Krystalle;Unstead;kunstead1x@163.com;Female;252.38.113.124
71;Elizabet;Hullin;ehullin1y@photobucket.com;Female;112.0.32.103
72;Riley;Alldread;ralldread1z@cmu.edu;Male;103.132.185.170
73;Ado;MacGow;amacgow20@e-recht24.de;Male;2.6.112.141
74;Mavra;Harfoot;mharfoot21@bing.com;Female;143.30.17.201
75;Bobby;Assiratti;bassiratti22@plala.or.jp;Female;46.130.254.58
76;Maxy;Fowles;mfowles23@nyu.edu;Male;255.49.10.173
77;Jereme;Daber;jdaber24@webmd.com;Male;12.60.47.138
78;Johnna;Checchi;jchecchi25@huffingtonpost.com;Female;132.208.253.208
79;Rick;Scoffham;rscoffham26@hibu.com;Male;178.49.209.49
80;Olga;Pfaff;opfaff27@xrea.com;Female;28.188.63.192
81;Russell;Hammett;rhammett28@meetup.com;Male;169.122.151.41
82;Neill;Camock;ncamock29@phpbb.com;Male;89.66.247.185
83;Mindy;Tocqueville;mtocqueville2a@hhs.gov;Female;132.151.239.229
84;Chip;Sapson;csapson2b@weibo.com;Male;236.101.99.203
85;Bekki;Garvie;bgarvie2c@alexa.com;Genderqueer;206.27.161.31
86;Jillene;Inskipp;jinskipp2d@msn.com;Female;192.178.126.22
87;Brandice;Brinded;bbrinded2e@wikispaces.com;Female;104.132.82.84
88;Dick;Orchart;dorchart2f@cbslocal.com;Male;143.102.66.104
89;Leilah;Divver;ldivver2g@ucoz.com;Female;165.26.219.205
90;Antoine;Grevile;agrevile2h@telegraph.co.uk;Male;177.48.191.114
91;Shelby;Tovey;stovey2i@theglobeandmail.com;Female;134.28.26.163
92;Osbourne;Alves;oalves2j@yellowbook.com;Male;203.157.110.5
93;Rosabel;Belch;rbelch2k@google.co.jp;Female;244.24.31.230
94;Robby;Gutierrez;rgutierrez2l@meetup.com;Female;211.29.169.59
95;Papageno;Dennidge;pdennidge2m@twitpic.com;Genderqueer;168.112.1.60
96;Cazzie;Pulster;cpulster2n@indiatimes.com;Male;182.130.88.161
97;Torin;Laye;tlaye2o@globo.com;Male;74.2.126.158
98;Chryste;Banger;cbanger2p@ow.ly;Female;160.92.183.10
99;Foster;McQuilty;fmcquilty2q@qq.com;Male;186.103.105.82
100;D'arcy;Forkan;dforkan2r@goo.ne.jp;Male;41.182.215.7
101;Alfons;Rougier;arougier2s@dropbox.com;Male;134.233.119.165
102;Trip;Rubinfajn;trubinfajn2t@google.co.uk;Male;74.120.161.81
103;Lonnie;Witheford;lwitheford2u@auda.org.au;Genderqueer;17.227.11.165
104;Ethe;Juliff;ejuliff2v@alibaba.com;Male;101.79.33.150
105;Vicki;Webster;vwebster2w@tuttocitta.it;Female;244.90.193.55
106;Elke;Drinkhall;edrinkhall2x@sfgate.com;Female;25.60.242.218
107;Eryn;Allans;eallans2y@imdb.com;Genderqueer;159.158.90.81
108;Maurene;Quinion;mquinion2z@people.com.cn;Female;23.239.248.17
109;Elvyn;Hannis;ehannis30@cbsnews.com;Male;138.159.202.120
110;Tomlin;Vatini;tvatini31@gravatar.com;Male;0.176.66.104
111;Maurie;Everal;meveral32@nyu.edu;Male;11.155.153.67
112;Nickolai;MacGillreich;nmacgillreich33@slideshare.net;Male;28.143.119.246
113;Osmond;Cooch;ocooch34@redcross.org;Male;89.169.142.199
114;Chelsea;Gleder;cgleder35@nsw.gov.au;Female;95.80.47.212
115;Devlin;Quennell;dquennell36@cargocollective.com;Male;153.238.194.39
116;Ddene;Lemonby;dlemonby37@myspace.com;Female;189.186.40.40
117;Bjorn;Beteriss;bbeteriss38@squidoo.com;Male;212.25.149.29
118;Aldus;Guys;aguys39@exblog.jp;Male;201.160.133.108
119;Keir;Budibent;kbudibent3a@prweb.com;Male;167.151.225.122
120;Hoebart;Caudrey;hcaudrey3b@pbs.org;Male;43.139.227.187
121;Maire;Katt;mkatt3c@domainmarket.com;Genderfluid;48.216.241.75
122;Bail;Feldmann;bfeldmann3d@mozilla.com;Male;249.206.57.195
123;Wash;Stenyng;wstenyng3e@unicef.org;Male;193.62.152.148
124;Elfreda;Vedeniktov;evedeniktov3f@linkedin.com;Female;46.121.24.44
125;Robinetta;Babbage;rbabbage3g@eepurl.com;Female;92.223.11.132
126;Lana;Penfold;lpenfold3h@i2i.jp;Female;158.12.153.55
127;Patricio;Drakard;pdrakard3i@fc2.com;Male;28.74.237.2
128;Jerrie;Boydon;jboydon3j@senate.gov;Male;97.237.228.33
129;Winona;Ducarel;wducarel3k@desdev.cn;Female;23.167.113.53
130;Ruprecht;Olfert;rolfert3l@irs.gov;Male;146.35.94.217
131;Clerc;Basley;cbasley3m@mozilla.com;Male;79.220.156.187
132;Alecia;Hoyer;ahoyer3n@princeton.edu;Female;242.9.123.168
133;Gunar;Abys;gabys3o@patch.com;Male;230.148.193.116
134;Barnabas;Francescozzi;bfrancescozzi3p@goo.gl;Male;40.31.124.66
135;Thomasina;Wisher;twisher3q@oracle.com;Female;65.24.186.109
136;Sandra;Simister;ssimister3r@hostgator.com;Female;71.198.208.14
137;Maxim;Fedorski;mfedorski3s@wikia.com;Male;230.219.228.225
138;Lynne;Erdely;lerdely3t@360.cn;Female;6.48.241.55
139;Weber;Vakhonin;wvakhonin3u@ca.gov;Male;95.67.141.210
140;Lindsay;Meadley;lmeadley3v@jugem.jp;Male;246.24.10.219
141;Conrade;Rafferty;crafferty3w@fema.gov;Male;74.251.175.104
142;Keith;Abramovici;kabramovici3x@ox.ac.uk;Male;28.196.29.191
143;Dur;Razzell;drazzell3y@canalblog.com;Male;123.190.137.126
144;Valerie;Garling;vgarling3z@squidoo.com;Female;126.156.17.120
145;Wandis;Sicha;wsicha40@arstechnica.com;Polygender;2.146.236.185
146;Jacquetta;Hallbird;jhallbird41@cyberchimps.com;Female;103.151.86.239
147;Waylen;Bentame;wbentame42@myspace.com;Male;120.151.242.136
148;Blakeley;McTeer;bmcteer43@diigo.com;Female;22.106.218.37
149;Imelda;Garroway;igarroway44@redcross.org;Female;182.225.63.175
150;Gauthier;Spacy;gspacy45@columbia.edu;Male;231.97.12.65
151;Hyacinthe;Mosco;hmosco46@livejournal.com;Female;32.198.130.120
152;Frankie;Breffitt;fbreffitt47@state.tx.us;Male;236.201.220.126
153;Merilyn;Coyish;mcoyish48@purevolume.com;Female;79.113.133.49
154;Launce;Lawther;llawther49@google.nl;Male;113.178.25.251
155;Rollo;McNickle;rmcnickle4a@wikispaces.com;Polygender;240.98.110.94
156;Tybi;Carnall;tcarnall4b@va.gov;Female;79.32.57.192
157;Josefina;Kimmel;jkimmel4c@youku.com;Female;135.198.101.113
158;Vern;Else;velse4d@theguardian.com;Male;150.221.37.41
159;Alicea;Liddiatt;aliddiatt4e@hud.gov;Non-binary;234.107.148.39
160;Kattie;Curgenuer;kcurgenuer4f@clickbank.net;Female;198.130.254.90
161;Arielle;McCloud;amccloud4g@pbs.org;Female;150.85.25.23
162;Nathan;Rooper;nrooper4h@dailymotion.com;Non-binary;32.12.230.41
163;Nathanil;Mallinder;nmallinder4i@dot.gov;Male;63.70.76.174
164;Leta;Cantero;lcantero4j@army.mil;Female;247.16.42.79
165;Teriann;Goutcher;tgoutcher4k@myspace.com;Female;243.81.65.58
166;Mischa;Olyff;molyff4l@is.gd;Male;128.181.18.114
167;Corbet;Shadfourth;cshadfourth4m@angelfire.com;Male;94.77.94.203
168;Tiler;Kuscha;tkuscha4n@tuttocitta.it;Male;189.73.107.22
169;Shaine;Dearlove;sdearlove4o@hc360.com;Male;105.225.155.0
170;Baudoin;Yockley;byockley4p@oakley.com;Male;5.90.221.249
171;Keeley;Crummie;kcrummie4q@nba.com;Female;255.105.33.241
172;Loren;Probat;lprobat4r@reuters.com;Male;82.149.69.145
173;Hatti;Lettice;hlettice4s@addthis.com;Female;90.40.8.3
174;Layton;Allridge;lallridge4t@yahoo.com;Male;120.254.94.17
175;Netti;Toghill;ntoghill4u@forbes.com;Female;124.138.140.42
176;Fiorenze;Cole;fcole4v@reference.com;Female;207.43.233.109
177;Nomi;Killelay;nkillelay4w@sitemeter.com;Female;63.163.132.185
178;Marie;Ipplett;mipplett4x@meetup.com;Female;139.75.186.111
179;Eveleen;Stockney;estockney4y@weather.com;Female;216.119.136.175
180;Casie;Breache;cbreache4z@earthlink.net;Female;161.117.195.124
181;Giffer;McNulty;gmcnulty50@webmd.com;Bigender;229.226.214.3
182;Tann;Lewsy;tlewsy51@histats.com;Male;81.195.198.244
183;Vivyan;Cubuzzi;vcubuzzi52@icio.us;Female;219.31.188.51
184;Free;D'Ambrogio;fdambrogio53@wordpress.com;Non-binary;188.184.85.182
185;Roderich;Arnowitz;rarnowitz54@hibu.com;Male;245.215.113.82
186;Burt;Divers;bdivers55@rakuten.co.jp;Male;65.198.183.62
187;Mavra;Abella;mabella56@cdbaby.com;Female;224.90.132.249
188;Tracey;Josephov;tjosephov57@woothemes.com;Non-binary;239.144.8.138
189;Kalvin;Guyer;kguyer58@census.gov;Male;116.9.74.89
190;Carly;Varga;cvarga59@harvard.edu;Male;65.78.213.4
191;Fanya;Bithell;fbithell5a@amazon.co.uk;Female;199.190.111.213
192;Shurlock;Tchir;stchir5b@psu.edu;Male;250.74.237.161
193;Marylinda;Vink;mvink5c@ovh.net;Female;135.159.41.229
194;Sanford;Bardwall;sbardwall5d@foxnews.com;Polygender;98.5.10.109
195;Abey;O'Luby;aoluby5e@qq.com;Male;192.22.230.106
196;Ranice;Zolini;rzolini5f@nydailynews.com;Polygender;153.193.194.25
197;Layton;Mallender;lmallender5g@slideshare.net;Male;95.141.81.117
198;Bree;Thaw;bthaw5h@cam.ac.uk;Female;5.132.107.170
199;Freddy;Belton;fbelton5i@wunderground.com;Female;112.67.79.191
200;Morgan;Kiossel;mkiossel5j@webmd.com;Female;115.142.31.132
201;Roselin;Flarity;rflarity5k@who.int;Female;21.107.240.206
202;Prudy;Carless;pcarless5l@bigcartel.com;Female;24.100.77.175
203;Louie;Crimes;lcrimes5m@purevolume.com;Bigender;143.235.188.95
204;Conny;Landrieu;clandrieu5n@reverbnation.com;Male;31.181.55.22
205;Thorpe;Shorthouse;tshorthouse5o@1und1.de;Male;77.255.31.111
206;Geno;Whitwam;gwhitwam5p@usnews.com;Male;144.128.41.127
207;Dallis;Larcombe;dlarcombe5q@merriam-webster.com;Non-binary;75.77.196.124
208;Keven;Sully;ksully5r@google.co.uk;Male;14.29.149.16
209;Johnny;Scadden;jscadden5s@squidoo.com;Non-binary;7.236.238.74
210;Malory;Lamlin;mlamlin5t@webeden.co.uk;Female;203.81.3.104
211;Lou;McGeaney;lmcgeaney5u@joomla.org;Male;167.246.45.12
212;Euphemia;Garford;egarford5v@nsw.gov.au;Female;123.124.38.106
213;Freddy;Alvin;falvin5w@list-manage.com;Male;74.18.29.139
214;Chad;Searsby;csearsby5x@123-reg.co.uk;Female;221.159.223.156
215;Welbie;Tizard;wtizard5y@wunderground.com;Male;248.156.197.31
216;Jamaal;Eyree;jeyree5z@cnbc.com;Male;179.104.208.210
217;Arny;Glennard;aglennard60@smugmug.com;Male;39.211.168.25
218;Merry;Rutland;mrutland61@github.io;Male;215.130.59.49
219;Shadow;Pitt;spitt62@mozilla.com;Male;106.194.63.38
220;Willard;Beiderbeck;wbeiderbeck63@statcounter.com;Male;81.223.141.107
221;Zora;Matys;zmatys64@auda.org.au;Female;150.154.169.116
222;Justino;Egle of Germany;jegleofgermany65@usa.gov;Bigender;74.86.7.230
223;Simone;Sentinella;ssentinella66@dailymotion.com;Female;112.90.100.75
224;Analise;Glazer;aglazer67@spotify.com;Bigender;154.10.232.66
225;Bogey;Reardon;breardon68@paypal.com;Male;254.32.15.98
226;Wallache;Alpin;walpin69@homestead.com;Male;71.6.35.66
227;Henri;Alpine;halpine6a@geocities.jp;Male;151.15.123.176
228;Vilhelmina;Wickham;vwickham6b@cloudflare.com;Female;205.119.149.91
229;Dido;Oliphard;doliphard6c@linkedin.com;Female;130.37.194.67
230;Aron;Sifleet;asifleet6d@youtube.com;Male;211.134.228.98
231;Jenine;Asgodby;jasgodby6e@123-reg.co.uk;Female;145.57.82.56
232;Ailina;Cockaday;acockaday6f@answers.com;Female;148.4.180.107
233;Rossie;Pillinger;rpillinger6g@chron.com;Male;26.237.111.171
234;Granny;Domanski;gdomanski6h@ezinearticles.com;Male;62.30.225.39
235;Olivette;Giacobelli;ogiacobelli6i@earthlink.net;Female;199.64.229.6
236;Tandy;Philippeaux;tphilippeaux6j@slideshare.net;Female;209.120.68.173
237;Costanza;Waterfall;cwaterfall6k@msn.com;Female;220.1.157.205
238;Conant;Bosley;cbosley6l@google.co.jp;Male;17.2.9.200
239;Otto;Matyas;omatyas6m@example.com;Male;209.148.166.79
240;Jeremiah;Moorhouse;jmoorhouse6n@amazon.co.uk;Male;99.218.23.71
241;Boone;Willarton;bwillarton6o@typepad.com;Male;150.110.161.120
242;Idell;Brusin;ibrusin6p@weather.com;Female;223.119.239.226
243;Easter;Frick;efrick6q@163.com;Polygender;44.72.140.16
244;Kort;Lazare;klazare6r@miibeian.gov.cn;Male;39.226.53.59
245;Morgana;Irdale;mirdale6s@dot.gov;Polygender;137.173.231.81
246;Cassandra;Iceton;ciceton6t@samsung.com;Non-binary;70.180.179.10
247;Clarance;Purchon;cpurchon6u@paginegialle.it;Male;67.153.93.14
248;Gnni;Death;gdeath6v@shop-pro.jp;Female;149.187.75.61
249;Britteny;MacMychem;bmacmychem6w@guardian.co.uk;Female;190.227.78.4
250;Eric;Impson;eimpson6x@soundcloud.com;Male;169.137.17.44
251;Nicolai;Glasscock;nglasscock6y@blog.com;Male;240.173.118.21
252;Garald;Buyers;gbuyers6z@ucoz.ru;Male;95.150.12.29
253;Toiboid;Comoletti;tcomoletti70@bbc.co.uk;Male;27.47.36.172
254;Shannah;Fawlks;sfawlks71@photobucket.com;Female;76.57.151.40
255;Shaylah;Leslie;sleslie72@amazon.de;Female;168.236.10.130
256;Rodger;Liverock;rliverock73@umn.edu;Male;196.85.26.79
257;Mar;De Laspee;mdelaspee74@timesonline.co.uk;Male;178.11.124.184
258;Pasquale;Grigorian;pgrigorian75@pbs.org;Male;62.158.214.95
259;Sinclare;Mergue;smergue76@salon.com;Male;36.61.80.61
260;Julie;Pitford;jpitford77@narod.ru;Male;201.249.211.118
261;Putnem;Mussettini;pmussettini78@earthlink.net;Male;153.71.111.221
262;Emalia;Parkyns;eparkyns79@printfriendly.com;Female;128.139.158.255
263;Banky;Charlton;bcharlton7a@google.com.hk;Male;183.51.163.158
264;Sheffie;Foreman;sforeman7b@edublogs.org;Male;255.246.57.238
265;Eugenia;Seymark;eseymark7c@unc.edu;Female;226.4.15.70
266;Munroe;Stickel;mstickel7d@webmd.com;Male;212.106.196.94
267;Audrie;Duncanson;aduncanson7e@dagondesign.com;Female;211.181.215.223
268;Tana;Aspital;taspital7f@istockphoto.com;Female;203.243.68.75
269;Sid;Nisbet;snisbet7g@istockphoto.com;Male;239.189.254.150
270;Billie;Note;bnote7h@unc.edu;Male;201.240.9.238
271;Domenico;Francesco;dfrancesco7i@cpanel.net;Male;235.164.96.80
272;Halley;Brewerton;hbrewerton7j@berkeley.edu;Genderfluid;127.28.8.105
273;Sondra;Barnsdall;sbarnsdall7k@acquirethisname.com;Female;239.201.107.137
274;Andreana;Dominichelli;adominichelli7l@time.com;Female;191.217.219.130
275;Llewellyn;Girdler;lgirdler7m@clickbank.net;Male;174.6.165.201
276;Marieann;De Ambrosis;mdeambrosis7n@fc2.com;Female;93.203.222.221
277;Tillie;Loughlan;tloughlan7o@fastcompany.com;Female;158.210.76.37
278;Pebrook;Barton;pbarton7p@who.int;Male;235.177.245.150
279;Bibi;Rozec;brozec7q@who.int;Female;188.179.97.72
280;Normand;Petrello;npetrello7r@4shared.com;Male;16.217.230.96
281;Waverly;Dominichetti;wdominichetti7s@wired.com;Male;53.226.110.104
282;Aubry;Pietroni;apietroni7t@ow.ly;Female;50.99.183.50
283;Rodd;Comelli;rcomelli7u@craigslist.org;Male;212.229.208.90
284;Aura;Bond;abond7v@liveinternet.ru;Female;146.189.31.128
285;Alric;Rustman;arustman7w@tuttocitta.it;Male;214.184.66.107
286;Annadiane;Sains;asains7x@fotki.com;Female;154.225.78.223
287;Verla;Praundlin;vpraundlin7y@ucoz.com;Female;135.162.41.228
288;Archambault;Carabet;acarabet7z@nytimes.com;Male;20.1.93.158
289;Jonas;Klessmann;jklessmann80@youtube.com;Male;233.181.149.243
290;Beth;Gever;bgever81@eventbrite.com;Female;203.149.142.104
291;Olivero;Marchington;omarchington82@jiathis.com;Male;26.197.79.240
292;Cleveland;O'Geneay;cogeneay83@geocities.jp;Male;219.9.63.239
293;Mufinella;Izatt;mizatt84@redcross.org;Female;187.80.20.55
294;Trumann;Colpus;tcolpus85@columbia.edu;Male;116.70.82.40
295;Bryna;Guillotin;bguillotin86@nhs.uk;Female;153.176.241.20
296;Vilhelmina;Itzhaiek;vitzhaiek87@meetup.com;Female;45.166.69.219
297;Marcelo;Howselee;mhowselee88@answers.com;Male;45.57.114.52
298;Jock;Iacovelli;jiacovelli89@springer.com;Male;77.57.58.90
299;Derrek;Bawcock;dbawcock8a@auda.org.au;Male;147.144.230.130
300;Dora;Greetland;dgreetland8b@ibm.com;Female;89.222.98.88
301;Cort;Bools;cbools8c@kickstarter.com;Male;246.200.8.13
302;Claudelle;Mesnard;cmesnard8d@irs.gov;Female;212.30.175.135
303;Margarete;Branchet;mbranchet8e@google.cn;Female;227.26.208.82
304;Vi;Beevens;vbeevens8f@freewebs.com;Female;78.99.204.183
305;Dani;Mellody;dmellody8g@posterous.com;Female;75.103.224.196
306;Kerr;Reame;kreame8h@github.io;Male;14.155.138.52
307;Jorgan;Torres;jtorres8i@qq.com;Male;34.79.48.230
308;Sukey;Snawdon;ssnawdon8j@independent.co.uk;Female;32.240.75.255
309;Saunderson;Meardon;smeardon8k@squidoo.com;Male;37.108.220.144
310;Desdemona;Stevenson;dstevenson8l@chron.com;Female;87.224.35.65
311;Perice;Huard;phuard8m@cdc.gov;Male;14.147.35.202
312;Willi;Godon;wgodon8n@php.net;Male;220.227.186.205
313;Abrahan;Pleat;apleat8o@google.com.au;Male;70.144.134.158
314;Sandy;Derrington;sderrington8p@mysql.com;Female;107.148.60.163
315;Gregory;Kick;gkick8q@smh.com.au;Male;90.121.18.247
316;Courtnay;Brennen;cbrennen8r@jimdo.com;Male;172.172.128.209
317;Brock;Tomas;btomas8s@nhs.uk;Male;125.250.106.180
318;Afton;Feirn;afeirn8t@oakley.com;Female;60.171.38.2
319;Riobard;Behan;rbehan8u@yellowpages.com;Male;72.200.6.68
320;Demeter;Nixon;dnixon8v@ucla.edu;Female;19.113.184.128
321;Leyla;Reburn;lreburn8w@weather.com;Female;35.254.206.112
322;Ban;Offiler;boffiler8x@weebly.com;Male;58.143.251.138
323;Rosie;Yerby;ryerby8y@jugem.jp;Female;182.3.141.152
324;Jemmie;Paull;jpaull8z@behance.net;Female;20.55.156.98
325;Maegan;Riden;mriden90@blinklist.com;Genderqueer;43.162.156.44
326;Tomlin;Widdup;twiddup91@slashdot.org;Male;76.117.58.224
327;Amandy;Yelyashev;ayelyashev92@quantcast.com;Female;75.167.18.1
328;Arnaldo;Benck;abenck93@live.com;Non-binary;158.243.81.91
329;Rafaelita;Pavlovic;rpavlovic94@berkeley.edu;Female;149.108.196.205
330;Anthe;Bowra;abowra95@cornell.edu;Female;185.254.76.17
331;Minna;Avison;mavison96@mediafire.com;Female;137.200.213.229
332;Rafael;Wayman;rwayman97@cisco.com;Male;67.95.198.109
333;Chiquia;Bellhouse;cbellhouse98@marketwatch.com;Female;1.107.166.241
334;Kristos;Glandfield;kglandfield99@loc.gov;Male;53.55.98.41
335;Pietrek;Castano;pcastano9a@sbwire.com;Male;36.10.62.66
336;Melicent;Whenham;mwhenham9b@boston.com;Agender;175.21.1.149
337;Louisa;Chadwyck;lchadwyck9c@etsy.com;Female;120.200.194.130
338;Jacquelin;Stobbie;jstobbie9d@stumbleupon.com;Female;32.70.6.141
339;Kellen;Colthard;kcolthard9e@mediafire.com;Male;97.133.15.114
340;Geordie;Schwant;gschwant9f@paginegialle.it;Male;140.203.100.252
341;Christian;Fearon;cfearon9g@nifty.com;Bigender;226.28.196.107
342;Tobit;Dunsford;tdunsford9h@wordpress.org;Male;150.208.235.80
343;Tremaine;Bartrum;tbartrum9i@gmpg.org;Male;225.119.18.97
344;Mead;Corneille;mcorneille9j@icio.us;Female;105.46.117.108
345;Jacinta;Wloch;jwloch9k@illinois.edu;Female;181.133.153.93
346;Verene;Newell;vnewell9l@plala.or.jp;Female;178.99.17.149
347;Winston;Woloschin;wwoloschin9m@mayoclinic.com;Male;120.161.201.106
348;Teddie;Slora;tslora9n@shareasale.com;Male;254.178.148.93
349;Bendicty;Roelvink;broelvink9o@sohu.com;Male;156.175.56.170
350;Ingaborg;Choldcroft;icholdcroft9p@wunderground.com;Female;215.20.17.9
351;Lind;Ferreli;lferreli9q@walmart.com;Female;15.148.156.193
352;Kizzee;Daw;kdaw9r@issuu.com;Female;20.237.193.118
353;Kassie;Brixey;kbrixey9s@dropbox.com;Female;48.62.197.114
354;Stefano;Avon;savon9t@tmall.com;Male;246.77.16.18
355;Karalee;Powter;kpowter9u@ebay.co.uk;Female;157.5.159.25
356;Druci;Garrie;dgarrie9v@mlb.com;Female;156.20.126.80
357;Adolph;McVeagh;amcveagh9w@cargocollective.com;Male;172.224.70.32
358;Natalya;Dautry;ndautry9x@oaic.gov.au;Bigender;130.20.221.151
359;Joycelin;Sandercock;jsandercock9y@sakura.ne.jp;Female;126.244.224.187
360;Karl;Simkins;ksimkins9z@w3.org;Male;49.18.46.147
361;Franzen;Remmer;fremmera0@miitbeian.gov.cn;Male;168.49.200.106
362;Hailey;Linkleter;hlinkletera1@istockphoto.com;Male;15.216.223.25
363;Mandi;Cardew;mcardewa2@boston.com;Female;228.228.23.21
364;Anthea;Whitford;awhitforda3@gizmodo.com;Female;40.243.20.194
365;Windham;MacSporran;wmacsporrana4@google.fr;Male;107.158.13.1
366;Tiebold;De Miranda;tdemirandaa5@is.gd;Male;82.146.158.218
367;Celestina;Wooller;cwoollera6@printfriendly.com;Bigender;4.163.103.116
368;Fraze;Curzon;fcurzona7@businessinsider.com;Male;166.4.41.252
369;Kelwin;Primo;kprimoa8@blogtalkradio.com;Male;177.197.165.64
370;Barnett;Signoret;bsignoreta9@ifeng.com;Male;155.3.176.93
371;Trude;Bentke;tbentkeaa@imdb.com;Female;251.151.171.2
372;Rip;Ziems;rziemsab@bluehost.com;Male;225.148.177.123
373;Jorry;Rennie;jrennieac@nytimes.com;Non-binary;112.158.69.13
374;Gelya;Stickells;gstickellsad@paginegialle.it;Female;3.78.8.202
375;Lyndy;Latek;llatekae@stumbleupon.com;Female;98.248.71.81
376;Davy;Luetkemeyer;dluetkemeyeraf@scientificamerican.com;Male;115.179.191.181
377;Orsola;Cadreman;ocadremanag@hhs.gov;Female;167.218.136.208
378;Cathee;Reymers;creymersah@mashable.com;Female;120.13.43.224
379;Sophie;Sottell;ssottellai@berkeley.edu;Female;183.0.7.20
380;Albert;Trench;atrenchaj@cnet.com;Male;228.209.232.48
381;Henka;Chatterton;hchattertonak@unc.edu;Female;103.149.47.141
382;Niki;Cutteridge;ncutteridgeal@reddit.com;Male;185.254.195.114
383;Lusa;Schurcke;lschurckeam@businessweek.com;Female;184.231.238.154
384;Margi;Riddles;mriddlesan@mashable.com;Female;96.215.250.154
385;Rayshell;Baldetti;rbaldettiao@opera.com;Female;103.114.218.250
386;Byrom;McTrustey;bmctrusteyap@51.la;Male;255.224.23.111
387;Cortney;Tomala;ctomalaaq@google.de;Female;202.74.252.118
388;Gaylene;Enston;genstonar@goo.gl;Female;244.138.230.33
389;Kirby;Gladbach;kgladbachas@vinaora.com;Male;33.189.21.129
390;Sandor;Trelease;streleaseat@imgur.com;Male;55.11.144.11
391;Merola;Grover;mgroverau@tuttocitta.it;Non-binary;10.13.192.216
392;Base;Tramel;btramelav@naver.com;Male;193.95.24.148
393;Hedvig;Jouhan;hjouhanaw@issuu.com;Female;26.100.186.131
394;Byram;Hulls;bhullsax@ucoz.ru;Male;250.230.74.6
395;Davon;Allsobrook;dallsobrookay@topsy.com;Male;75.83.215.228
396;Mannie;Galea;mgaleaaz@php.net;Male;130.179.117.129
397;Desiri;Kersley;dkersleyb0@cyberchimps.com;Female;254.138.120.206
398;Fletch;Richemont;frichemontb1@fema.gov;Male;134.162.67.238
399;Amabel;Helis;ahelisb2@google.co.jp;Female;215.142.150.62
400;Henryetta;Udie;hudieb3@infoseek.co.jp;Genderfluid;97.241.78.132
401;Keen;Piers;kpiersb4@netscape.com;Male;23.234.106.87
402;Mikael;Plumley;mplumleyb5@hatena.ne.jp;Male;201.231.25.176
403;Abdul;Venton;aventonb6@psu.edu;Male;80.101.142.40
404;Tisha;Curton;tcurtonb7@irs.gov;Polygender;26.197.61.103
405;Leigh;Rickertsen;lrickertsenb8@nsw.gov.au;Female;176.234.168.150
406;Whittaker;Redsell;wredsellb9@uol.com.br;Male;112.233.70.206
407;Shellie;Archibald;sarchibaldba@slate.com;Female;9.163.113.67
408;Thornie;Semered;tsemeredbb@alexa.com;Male;7.143.90.97
409;Fred;Smaile;fsmailebc@redcross.org;Male;70.149.205.160
410;Loraine;Varga;lvargabd@yale.edu;Polygender;15.29.249.186
411;Maxie;Lauga;mlaugabe@jalbum.net;Male;0.194.72.184
412;Sandie;Vergine;sverginebf@slideshare.net;Female;48.196.115.3
413;Rollins;Nursey;rnurseybg@nba.com;Male;197.148.110.26
414;Marshal;Le Friec;mlefriecbh@blog.com;Male;23.255.63.243
415;Robers;Cicchelli;rcicchellibi@dell.com;Male;61.90.66.53
416;Alberik;Rowaszkiewicz;arowaszkiewiczbj@wufoo.com;Male;190.195.225.157
417;Creighton;Excell;cexcellbk@ehow.com;Male;104.227.200.222
418;Egan;Laidler;elaidlerbl@edublogs.org;Male;231.37.29.37
419;Ingunna;Duffield;iduffieldbm@webs.com;Female;56.69.23.246
420;Brock;Sheirlaw;bsheirlawbn@rediff.com;Genderfluid;58.156.45.219
421;Jodie;Berryann;jberryannbo@issuu.com;Female;190.34.34.138
422;Lucais;Faucett;lfaucettbp@privacy.gov.au;Male;80.121.0.215
423;Cobb;Havile;chavilebq@bloglines.com;Male;177.127.4.245
424;Farlie;Lawrey;flawreybr@drupal.org;Male;53.89.105.96
425;Valentina;Crystal;vcrystalbs@prweb.com;Female;187.36.206.176
426;Judie;Carnier;jcarnierbt@webeden.co.uk;Female;213.146.56.173
427;Quintin;Yesenev;qyesenevbu@smh.com.au;Male;107.225.30.37
428;Petrina;Backshall;pbackshallbv@npr.org;Female;36.132.251.193
429;Candy;Kevlin;ckevlinbw@qq.com;Female;133.33.2.45
430;Eadmund;Bilson;ebilsonbx@twitpic.com;Male;255.92.235.149
431;Bruis;Cauldwell;bcauldwellby@deviantart.com;Male;104.182.99.9
432;Allegra;Norcock;anorcockbz@arizona.edu;Female;189.8.178.176
433;Gualterio;Raymont;graymontc0@exblog.jp;Male;74.97.187.159
434;Darin;Rain;drainc1@imdb.com;Male;80.118.175.221
435;Rurik;Hunt;rhuntc2@mlb.com;Male;159.10.85.29
436;Dulce;Paolozzi;dpaolozzic3@booking.com;Female;22.86.162.27
437;Bobine;Roos;broosc4@360.cn;Female;46.237.226.228
438;Keely;Mulrenan;kmulrenanc5@pagesperso-orange.fr;Genderqueer;25.213.12.176
439;Glad;Winch;gwinchc6@reuters.com;Female;243.166.253.137
440;Lind;Osbaldeston;losbaldestonc7@plala.or.jp;Bigender;253.24.156.209
441;Kippy;Lanktree;klanktreec8@deviantart.com;Female;193.61.31.12
442;Yehudit;Gallgher;ygallgherc9@unc.edu;Male;128.79.192.31
443;Doralia;Gye;dgyeca@github.io;Female;42.194.10.20
444;Selene;Cromblehome;scromblehomecb@hubpages.com;Female;252.144.32.134
445;Dianemarie;Okeshott;dokeshottcc@stumbleupon.com;Female;173.3.232.64
446;Mikol;Ducker;mduckercd@about.me;Male;223.144.97.143
447;Lennie;Helstrom;lhelstromce@sourceforge.net;Male;183.52.5.249
448;Beverlee;Gilbeart;bgilbeartcf@accuweather.com;Female;224.8.252.112
449;Elfreda;Beare;ebearecg@buzzfeed.com;Female;234.196.109.17
450;Aarika;Filippov;afilippovch@wikimedia.org;Female;39.116.96.236
451;Pembroke;De Gowe;pdegoweci@columbia.edu;Male;112.166.72.210
452;Stacee;Glavis;sglaviscj@fotki.com;Male;186.31.187.138
453;Isidora;Waberer;iwabererck@clickbank.net;Female;5.214.58.150
454;Lynett;Isard;lisardcl@mozilla.com;Female;142.126.35.254
455;Ermanno;Castri;ecastricm@github.io;Male;111.73.183.6
456;Jimmie;Goodsir;jgoodsircn@tripadvisor.com;Male;34.55.4.111
457;Sinclair;Lake;slakeco@twitpic.com;Male;116.60.150.8
458;Hasheem;Halsall;hhalsallcp@sphinn.com;Male;50.45.242.91
459;Ketty;Duligall;kduligallcq@eepurl.com;Female;92.176.205.165
460;Brigid;Lehrahan;blehrahancr@eepurl.com;Female;36.31.221.95
461;Chariot;Gritsaev;cgritsaevcs@blogs.com;Male;9.96.198.221
462;Jeffy;Pedrollo;jpedrolloct@fastcompany.com;Agender;11.228.7.139
463;Saraann;Hammond;shammondcu@123-reg.co.uk;Female;97.60.91.114
464;Skipp;Roma;sromacv@livejournal.com;Male;147.244.62.139
465;Francisca;Jenton;fjentoncw@newsvine.com;Female;174.86.169.223
466;Chadd;Winear;cwinearcx@wp.com;Male;38.228.40.186
467;Cindi;Kernley;ckernleycy@drupal.org;Female;216.197.154.20
468;Corbet;Finder;cfindercz@networksolutions.com;Genderfluid;180.134.12.140
469;Lenka;Witch;lwitchd0@smh.com.au;Female;123.185.249.227
470;Derick;Duffield;dduffieldd1@drupal.org;Male;251.50.116.152
471;Celene;Weitzel;cweitzeld2@usda.gov;Female;199.155.106.112
472;Freda;Cutten;fcuttend3@sakura.ne.jp;Female;82.222.52.17
473;Stevy;Eaglen;seaglend4@narod.ru;Male;165.10.21.134
474;Emilee;Caig;ecaigd5@blogs.com;Female;23.253.185.166
475;Rube;Vawton;rvawtond6@amazon.co.jp;Male;146.163.36.21
476;Tan;Buckthorp;tbuckthorpd7@marriott.com;Male;153.3.211.180
477;Grantley;Kment;gkmentd8@europa.eu;Male;232.121.149.51
478;Morgen;Simoes;msimoesd9@i2i.jp;Male;51.19.240.91
479;Sindee;Saull;ssaullda@cornell.edu;Female;205.254.120.174
480;Nels;Castilla;ncastilladb@sciencedirect.com;Male;128.192.224.54
481;Lazaro;Swyndley;lswyndleydc@businessweek.com;Male;104.237.158.123
482;Koral;O'Kelly;kokellydd@illinois.edu;Female;202.114.166.41
483;Gil;Fantin;gfantinde@paypal.com;Male;10.49.172.251
484;Kellina;Bortolutti;kbortoluttidf@google.ca;Female;50.98.124.34
485;Vaughan;Harp;vharpdg@mozilla.org;Male;217.64.174.48
486;Marena;Selliman;msellimandh@addthis.com;Female;141.145.35.83
487;Pace;Lunn;plunndi@weather.com;Male;63.199.118.110
488;Lewes;Martins;lmartinsdj@wikipedia.org;Male;56.123.25.24
489;Clemente;Sherreard;csherrearddk@ocn.ne.jp;Male;188.195.190.198
490;Sheryl;McGaughay;smcgaughaydl@usnews.com;Female;64.155.117.24
491;Chas;Elcott;celcottdm@patch.com;Male;250.11.131.192
492;Jehanna;Soane;jsoanedn@ed.gov;Female;18.112.111.13
493;Jeramie;Gehrts;jgehrtsdo@guardian.co.uk;Male;222.170.147.25
494;Lynnea;Howard - Gater;lhowardgaterdp@drupal.org;Female;192.86.188.154
495;Jenna;Youles;jyoulesdq@joomla.org;Female;237.143.92.30
496;Kala;Stode;kstodedr@ovh.net;Female;215.242.41.149
497;Thomas;Cawsey;tcawseyds@unc.edu;Male;126.93.74.238
498;Tirrell;Moggach;tmoggachdt@un.org;Male;218.201.64.16
499;Hally;Eades;headesdu@cmu.edu;Female;247.211.237.193
500;Suki;Semrad;ssemraddv@state.gov;Female;254.103.123.35
501;Rodge;Paprotny;rpaprotnydw@360.cn;Genderqueer;197.208.26.155
502;Peirce;Kryszkiecicz;pkryszkieciczdx@jigsy.com;Male;64.166.122.8
503;Scott;Hutfield;shutfielddy@sourceforge.net;Male;220.148.254.144
504;Willdon;Leif;wleifdz@histats.com;Genderfluid;79.251.26.187
505;Cyndy;Conaghan;cconaghane0@ehow.com;Female;178.202.47.65
506;Archibold;Wankel;awankele1@chronoengine.com;Male;128.237.169.120
507;Daffi;Goolding;dgooldinge2@printfriendly.com;Female;193.3.68.220
508;Windy;Leyban;wleybane3@imdb.com;Female;163.15.162.188
509;Blanch;Braxton;bbraxtone4@ftc.gov;Female;132.55.148.59
510;Carol-jean;Floris;cflorise5@howstuffworks.com;Female;245.12.133.192
511;Hamnet;Goodnow;hgoodnowe6@xrea.com;Male;63.80.232.196
512;Noland;Wrigley;nwrigleye7@buzzfeed.com;Male;149.96.52.203
513;Valdemar;Mugridge;vmugridgee8@vkontakte.ru;Male;33.48.102.41
514;Carlen;Barrow;cbarrowe9@mozilla.com;Female;135.130.40.149
515;Sanford;Casaccia;scasacciaea@smugmug.com;Male;231.84.211.36
516;Mikkel;Matherson;mmathersoneb@joomla.org;Male;192.224.121.227
517;Vonnie;Cearley;vcearleyec@walmart.com;Female;162.82.168.120
518;Thornie;Ticksall;tticksalled@zdnet.com;Male;56.174.154.249
519;Phedra;Hyett;phyettee@tripadvisor.com;Female;75.3.253.3
520;Hussein;Loyley;hloyleyef@apple.com;Male;72.230.129.44
521;Agustin;Larne;alarneeg@timesonline.co.uk;Male;110.212.169.250
522;Anselm;Pawling;apawlingeh@woothemes.com;Male;214.117.56.124
523;Sarajane;Kollaschek;skollaschekei@ameblo.jp;Female;50.10.72.127
524;Gus;Minchinton;gminchintonej@uol.com.br;Male;210.147.70.102
525;Pincus;Loblie;ploblieek@over-blog.com;Male;210.182.105.181
526;Katya;Chick;kchickel@ox.ac.uk;Female;155.215.81.80
527;Oswald;Wenban;owenbanem@stanford.edu;Male;8.240.0.250
528;Willamina;Shawley;wshawleyen@reference.com;Female;135.22.220.65
529;Elisabeth;Elam;eelameo@wired.com;Female;171.47.9.103
530;Thorsten;Mellon;tmellonep@noaa.gov;Male;9.20.255.165
531;Simeon;McDowall;smcdowalleq@stanford.edu;Male;170.17.87.144
532;Roselin;Baldinotti;rbaldinottier@shop-pro.jp;Female;235.209.218.161
533;Harriot;Yuryatin;hyuryatines@imdb.com;Female;162.0.11.91
534;Brad;Petford;bpetfordet@devhub.com;Male;58.198.24.157
535;Merrily;Yorath;myoratheu@auda.org.au;Female;159.202.230.237
536;Herrick;Offener;hoffenerev@lulu.com;Male;107.44.175.193
537;Lianne;Rysdale;lrysdaleew@sourceforge.net;Female;132.64.56.243
538;Nickie;Tevelov;ntevelovex@theglobeandmail.com;Female;96.133.186.45
539;Jessi;Rispin;jrispiney@feedburner.com;Female;12.6.224.146
540;Sylas;Valente;svalenteez@phoca.cz;Male;139.58.160.133
541;Claudianus;Wellington;cwellingtonf0@slate.com;Male;144.43.187.247
542;Niki;Krzysztof;nkrzysztoff1@weebly.com;Female;75.143.10.35
543;Genny;Shevels;gshevelsf2@sina.com.cn;Female;22.152.160.192
544;Jemima;Fetherston;jfetherstonf3@altervista.org;Female;173.12.9.40
545;Hilly;Frostick;hfrostickf4@businesswire.com;Male;154.74.125.226
546;Grenville;Grabbam;ggrabbamf5@discuz.net;Male;158.46.31.10
547;Alberto;Larciere;alarcieref6@china.com.cn;Male;227.125.89.243
548;Darren;Coaker;dcoakerf7@desdev.cn;Male;128.125.164.26
549;Mack;Managh;mmanaghf8@sakura.ne.jp;Male;196.220.230.112
550;Ranee;Bremen;rbremenf9@cnet.com;Female;59.85.104.116
551;Anallise;Davidy;adavidyfa@msn.com;Female;153.132.20.2
552;Sally;Tombleson;stomblesonfb@un.org;Female;178.71.88.111
553;Meredithe;Gurnell;mgurnellfc@howstuffworks.com;Female;85.75.190.73
554;Ki;Joannic;kjoannicfd@shinystat.com;Female;48.59.251.23
555;Bendix;McMorland;bmcmorlandfe@msu.edu;Male;47.220.137.119
556;Ty;McKiernan;tmckiernanff@tuttocitta.it;Male;124.14.142.62
557;Maxie;Peckitt;mpeckittfg@kickstarter.com;Female;77.142.120.124
558;Jethro;Harber;jharberfh@archive.org;Male;62.228.106.245
559;Barbabra;Gipp;bgippfi@storify.com;Female;64.140.255.248
560;Melania;Whitters;mwhittersfj@hugedomains.com;Female;144.111.155.63
561;Butch;Purchall;bpurchallfk@google.nl;Male;12.205.114.236
562;Augustina;Mallan;amallanfl@reuters.com;Female;182.237.3.63
563;Ethelbert;Patek;epatekfm@sina.com.cn;Male;179.66.36.96
564;Chelsea;Clowser;cclowserfn@salon.com;Female;231.57.16.176
565;Tobiah;O'Spillane;tospillanefo@google.ru;Male;104.101.126.119
566;Augustine;Dillingstone;adillingstonefp@canalblog.com;Female;147.98.194.104
567;Grange;Penas;gpenasfq@google.nl;Male;83.180.245.96
568;Jermaine;Irlam;jirlamfr@tinyurl.com;Male;205.60.207.139
569;Ciro;Conboy;cconboyfs@homestead.com;Male;140.112.208.195
570;Daniella;Taffs;dtaffsft@lulu.com;Female;43.148.49.45
571;Paulette;Bernhard;pbernhardfu@addtoany.com;Female;133.107.244.160
572;Charmaine;Vickars;cvickarsfv@disqus.com;Female;36.113.144.209
573;Micheil;Varley;mvarleyfw@about.com;Male;29.236.0.241
574;Lesley;Grinnikov;lgrinnikovfx@angelfire.com;Female;168.232.110.106
575;Paule;Deppe;pdeppefy@umich.edu;Female;193.131.35.19
576;Idell;Douthwaite;idouthwaitefz@state.tx.us;Female;97.206.42.132
577;Cyndy;Ithell;cithellg0@intel.com;Female;107.191.124.247
578;Zaccaria;Hanhard;zhanhardg1@artisteer.com;Male;70.157.55.12
579;Leesa;Lathee;llatheeg2@statcounter.com;Female;198.92.67.172
580;Peggie;Simson;psimsong3@army.mil;Female;150.186.231.233
581;Lauraine;Moretto;lmorettog4@uiuc.edu;Female;56.80.82.57
582;Chet;Loughren;cloughreng5@va.gov;Male;52.134.106.103
583;Hunt;Normanton;hnormantong6@weebly.com;Male;208.218.71.160
584;Fergus;Scurrell;fscurrellg7@cpanel.net;Male;188.178.166.1
585;Timmy;Dumbreck;tdumbreckg8@economist.com;Female;82.137.15.210
586;Weber;Gabbatt;wgabbattg9@pbs.org;Male;13.102.1.25
587;Bethany;Reiners;breinersga@infoseek.co.jp;Female;172.151.45.94
588;Major;Sywell;msywellgb@sbwire.com;Male;102.107.86.93
589;Derick;O'Dea;dodeagc@nhs.uk;Male;221.242.8.8
590;Krisha;Palister;kpalistergd@bandcamp.com;Male;172.195.116.229
591;Estell;Winger;ewingerge@hp.com;Female;255.23.120.253
592;Almeda;de Mendoza;ademendozagf@twitpic.com;Female;130.239.206.249
593;Jamison;Curd;jcurdgg@hexun.com;Male;174.162.21.92
594;Chandler;Ruos;cruosgh@cargocollective.com;Male;220.141.10.246
595;Gordie;Lackeye;glackeyegi@hud.gov;Male;50.123.66.165
596;Roanna;Archbold;rarchboldgj@yellowbook.com;Female;107.82.86.134
597;Lira;Claessens;lclaessensgk@furl.net;Female;194.184.245.222
598;Rosabella;Derill;rderillgl@hostgator.com;Female;207.202.197.52
599;Bryana;Seiter;bseitergm@alexa.com;Female;198.69.169.162
600;Paige;Oxenford;poxenfordgn@springer.com;Male;130.70.200.155
601;Ellie;Kirsch;ekirschgo@ucsd.edu;Non-binary;126.229.194.116
602;Jeanine;Bentinck;jbentinckgp@weibo.com;Female;245.104.14.140
603;Desiri;Maggi;dmaggigq@sogou.com;Female;209.134.78.80
604;Ximenez;Ducker;xduckergr@cargocollective.com;Male;98.157.161.58
605;Felice;Borzoni;fborzonigs@webeden.co.uk;Female;120.199.164.192
606;Dorie;Ellingworth;dellingworthgt@myspace.com;Male;29.87.75.78
607;Tobe;O'Scanlan;toscanlangu@github.io;Male;145.246.110.105
608;Simonne;Haugh;shaughgv@w3.org;Female;199.242.121.52
609;Bellanca;Shorthouse;bshorthousegw@hao123.com;Female;37.14.141.174
610;Donall;Southcombe;dsouthcombegx@ning.com;Male;255.23.195.30
611;Bethina;Danilin;bdanilingy@yale.edu;Female;185.196.49.170
612;Henderson;Llopis;hllopisgz@purevolume.com;Male;193.17.35.111
613;Lewiss;McKea;lmckeah0@ezinearticles.com;Male;215.248.90.51
614;Whitney;Castangia;wcastangiah1@nps.gov;Agender;112.189.137.132
615;Bartolomeo;Melior;bmeliorh2@hud.gov;Non-binary;85.79.161.104
616;Cacilie;Halpeine;chalpeineh3@altervista.org;Female;254.19.62.209
617;Keslie;Redier;kredierh4@reference.com;Female;208.117.103.35
618;Eddie;Wison;ewisonh5@walmart.com;Female;74.103.157.122
619;Orton;Rizziello;orizzielloh6@studiopress.com;Male;214.252.87.58
620;Darcee;Stickels;dstickelsh7@xinhuanet.com;Female;243.238.142.195
621;Virgie;Nary;vnaryh8@economist.com;Female;80.199.69.27
622;Logan;Fidgin;lfidginh9@imageshack.us;Male;65.96.143.76
623;Raimondo;Haken;rhakenha@shutterfly.com;Male;24.132.137.100
624;Hewett;Chesson;hchessonhb@baidu.com;Male;53.95.65.27
625;Aldis;Laws;alawshc@tumblr.com;Male;87.113.228.56
626;Clemence;Vasnetsov;cvasnetsovhd@yolasite.com;Female;233.167.56.170
627;Ransom;Steart;rstearthe@ovh.net;Male;31.192.1.70
628;Astrix;Cornelleau;acornelleauhf@github.io;Female;215.168.231.183
629;Ilise;Gummery;igummeryhg@tripod.com;Female;215.254.157.210
630;Garv;Rushby;grushbyhh@gizmodo.com;Male;120.91.189.248
631;Malachi;Garthland;mgarthlandhi@alexa.com;Male;122.173.94.36
632;Sherilyn;Hackin;shackinhj@barnesandnoble.com;Female;72.146.191.78
633;Ilse;Foucar;ifoucarhk@purevolume.com;Non-binary;236.93.15.175
634;Baryram;Keech;bkeechhl@comsenz.com;Male;12.200.95.116
635;Gabbie;Matteoni;gmatteonihm@naver.com;Male;51.217.235.70
636;Malanie;Winger;mwingerhn@jiathis.com;Female;184.167.202.152
637;Anet;Clemensen;aclemensenho@cafepress.com;Female;107.172.170.6
638;Thorsten;Belding;tbeldinghp@bandcamp.com;Male;172.155.99.233
639;Matteo;Ivetts;mivettshq@icio.us;Male;27.183.229.11
640;Heinrick;Surby;hsurbyhr@last.fm;Genderqueer;81.187.16.16
641;Jaquenette;Braferton;jbrafertonhs@aboutads.info;Female;36.73.15.182
642;Onida;Dytham;odythamht@columbia.edu;Female;57.238.29.68
643;Chariot;Forryan;cforryanhu@statcounter.com;Male;68.102.208.84
644;Georgia;Veldman;gveldmanhv@simplemachines.org;Female;239.61.35.24
645;Ellary;Talby;etalbyhw@stanford.edu;Male;237.198.48.79
646;Ethelyn;Scandroot;escandroothx@myspace.com;Female;190.134.218.4
647;Christy;Easeman;ceasemanhy@netvibes.com;Male;190.123.105.23
648;Harry;Willcott;hwillcotthz@prweb.com;Male;164.5.77.118
649;Stanfield;Ormistone;sormistonei0@mail.ru;Male;232.150.171.144
650;Kyle;Iacopini;kiacopinii1@auda.org.au;Female;16.240.145.104
651;Jorge;Horley;jhorleyi2@cocolog-nifty.com;Male;82.32.49.171
652;Alfie;Clorley;aclorleyi3@ovh.net;Male;170.15.230.154
653;Harmon;Hablet;hhableti4@surveymonkey.com;Male;18.183.181.60
654;Rolph;Scutts;rscuttsi5@disqus.com;Male;132.84.26.1
655;Carolee;Booij;cbooiji6@cornell.edu;Female;134.239.223.65
656;Audy;Beeden;abeedeni7@hp.com;Bigender;135.115.167.41
657;Melvin;Walicki;mwalickii8@merriam-webster.com;Male;109.106.62.70
658;Normie;Newbery;nnewberyi9@parallels.com;Male;169.131.164.218
659;Em;Prium;epriumia@infoseek.co.jp;Female;192.64.211.89
660;Giovanna;Andretti;gandrettiib@meetup.com;Female;187.90.8.111
661;Ingar;Caddie;icaddieic@newyorker.com;Male;46.169.153.186
662;Mia;Sandilands;msandilandsid@ucla.edu;Female;30.97.15.175
663;Barney;Jakubovitch;bjakubovitchie@zdnet.com;Male;249.182.194.84
664;Sammy;Christoforou;schristoforouif@craigslist.org;Male;7.77.175.144
665;Kelvin;O'Farrell;kofarrellig@ask.com;Male;163.108.211.76
666;Ailina;MacLese;amacleseih@mail.ru;Female;250.109.24.227
667;Hebert;Rammell;hrammellii@psu.edu;Male;90.38.32.21
668;Garwin;Buy;gbuyij@foxnews.com;Genderqueer;147.196.46.170
669;Antonella;Callf;acallfik@naver.com;Female;100.91.112.232
670;Evanne;Bellenger;ebellengeril@addthis.com;Female;106.57.98.109
671;Kerk;Vanner;kvannerim@chicagotribune.com;Male;28.57.60.137
672;Fanchette;Ubsdale;fubsdalein@unblog.fr;Female;210.140.59.149
673;Harli;Ableson;hablesonio@tiny.cc;Female;62.133.43.203
674;Katy;Brownlea;kbrownleaip@bravesites.com;Female;57.27.42.130
675;Richie;Prawle;rprawleiq@boston.com;Male;130.157.62.203
676;Ode;Dumbare;odumbareir@upenn.edu;Male;173.204.244.174
677;Bobette;Arnaldo;barnaldois@webnode.com;Female;246.241.53.31
678;Trevor;Smead;tsmeadit@tmall.com;Male;69.115.31.24
679;Stephanus;Hevner;shevneriu@squarespace.com;Bigender;125.167.102.213
680;Waverly;Cotter;wcotteriv@nydailynews.com;Male;170.206.83.254
681;Faythe;Pittendreigh;fpittendreighiw@dion.ne.jp;Female;65.78.91.183
682;Albie;Beggs;abeggsix@pcworld.com;Male;185.28.199.113
683;Cornela;Chawner;cchawneriy@huffingtonpost.com;Genderqueer;249.108.154.69
684;Penrod;Harvison;pharvisoniz@lulu.com;Genderqueer;229.113.172.177
685;Aurelie;Kop;akopj0@delicious.com;Female;62.143.138.116
686;Odetta;Quinevan;oquinevanj1@si.edu;Female;62.198.141.232
687;Nealon;Balthasar;nbalthasarj2@sakura.ne.jp;Male;80.228.83.221
688;Even;Barritt;ebarrittj3@goo.ne.jp;Male;131.79.173.59
689;Valentine;Eckley;veckleyj4@virginia.edu;Male;53.98.42.76
690;Fransisco;Bestiman;fbestimanj5@nasa.gov;Male;235.116.237.181
691;Kayley;Hufton;khuftonj6@clickbank.net;Female;185.59.21.178
692;Thorin;Pinfold;tpinfoldj7@harvard.edu;Male;238.114.71.16
693;Carlota;Beare;cbearej8@techcrunch.com;Female;197.5.241.163
694;Sidonnie;Gilhool;sgilhoolj9@t-online.de;Female;23.121.18.61
695;Siobhan;Martini;smartinija@ameblo.jp;Female;149.232.89.114
696;Leisha;Waycott;lwaycottjb@usatoday.com;Female;198.81.109.172
697;Caryl;Henke;chenkejc@quantcast.com;Female;163.89.13.212
698;Arabelle;Pepperd;apepperdjd@marriott.com;Female;191.211.234.76
699;Celestyn;Watchorn;cwatchornje@wordpress.org;Female;33.241.23.101
700;Clemmy;Webburn;cwebburnjf@skyrock.com;Female;174.77.192.120
701;Adrianne;Kedwell;akedwelljg@multiply.com;Female;143.240.146.250
702;Afton;Kempstone;akempstonejh@disqus.com;Genderfluid;4.248.167.185
703;Corinna;Beesey;cbeeseyji@wikimedia.org;Female;208.2.190.71
704;Gannon;Sommerland;gsommerlandjj@nytimes.com;Male;145.239.12.2
705;Gisella;Forrestall;gforrestalljk@infoseek.co.jp;Female;101.10.64.132
706;Rowan;Ionnidis;rionnidisjl@umich.edu;Male;12.116.172.46
707;Cris;Wolfit;cwolfitjm@smh.com.au;Male;184.43.158.16
708;Laurens;Lockner;llocknerjn@mtv.com;Male;82.112.159.247
709;Briano;Barroux;bbarrouxjo@epa.gov;Male;98.139.105.236
710;Alvera;Flicker;aflickerjp@mozilla.com;Female;89.214.89.43
711;Lenci;Assur;lassurjq@t-online.de;Male;241.94.113.5
712;Asa;McLaverty;amclavertyjr@is.gd;Male;213.29.121.125
713;Guenevere;Crayden;gcraydenjs@time.com;Female;205.46.105.211
714;Benni;Becks;bbecksjt@freewebs.com;Female;162.6.172.24
715;Alwyn;Pavel;apavelju@joomla.org;Male;245.109.173.98
716;Jose;Stagg;jstaggjv@angelfire.com;Male;78.20.99.60
717;Roland;Donett;rdonettjw@liveinternet.ru;Male;226.98.142.121
718;Arch;Hasney;ahasneyjx@kickstarter.com;Male;142.48.215.216
719;Lanette;Soans;lsoansjy@dyndns.org;Female;24.30.182.89
720;Skye;Tinman;stinmanjz@desdev.cn;Male;150.110.97.44
721;Rayner;Nijs;rnijsk0@va.gov;Male;226.210.3.255
722;Jennee;Casa;jcasak1@scribd.com;Female;131.22.142.255
723;Albertine;Hauxley;ahauxleyk2@etsy.com;Female;7.147.11.135
724;Jacobo;Marciek;jmarciekk3@reference.com;Male;87.234.210.244
725;Gabi;Bradder;gbradderk4@utexas.edu;Genderfluid;51.225.233.113
726;Felix;Walsh;fwalshk5@skyrock.com;Male;230.115.171.81
727;Malvina;Alekhov;malekhovk6@netvibes.com;Female;165.142.92.19
728;Robenia;Baldassi;rbaldassik7@yellowbook.com;Female;107.161.186.119
729;Rand;Rosentholer;rrosentholerk8@timesonline.co.uk;Male;243.218.99.133
730;Betsy;Lago;blagok9@bluehost.com;Female;77.183.252.60
731;Richard;Vaskin;rvaskinka@privacy.gov.au;Male;142.203.142.69
732;Andrea;Hakonsson;ahakonssonkb@latimes.com;Female;192.0.215.177
733;Sarine;Craggs;scraggskc@seesaa.net;Female;43.216.161.216
734;Krissie;Aiston;kaistonkd@house.gov;Female;102.152.157.202
735;Kasey;Sidden;ksiddenke@oaic.gov.au;Female;181.9.8.157
736;Fred;Trood;ftroodkf@goodreads.com;Male;200.133.45.82
737;Ashlee;Carreck;acarreckkg@nih.gov;Female;103.77.247.171
738;Letizia;Jardine;ljardinekh@google.es;Female;133.137.109.4
739;Pru;Killingworth;pkillingworthki@facebook.com;Female;186.95.187.183
740;Christye;Frawley;cfrawleykj@google.com.au;Female;49.14.47.76
741;Miltie;Killingbeck;mkillingbeckkk@qq.com;Male;54.216.247.206
742;Gail;Repp;greppkl@aboutads.info;Male;152.100.151.236
743;Halie;Matessian;hmatessiankm@nbcnews.com;Female;141.169.175.238
744;Pam;Del Dello;pdeldellokn@dagondesign.com;Female;46.244.208.174
745;Teddi;Bointon;tbointonko@amazon.co.uk;Female;89.19.242.79
746;Cristy;Beuscher;cbeuscherkp@sogou.com;Female;158.191.245.211
747;Sigrid;Klemmt;sklemmtkq@noaa.gov;Female;75.87.204.82
748;Aloin;Andreolli;aandreollikr@canalblog.com;Male;85.202.105.105
749;Morgan;Pyett;mpyettks@netscape.com;Female;205.186.206.93
750;Rasla;Hearle;rhearlekt@gov.uk;Female;218.118.103.62
751;Rorie;Jakubowicz;rjakubowiczku@cnn.com;Female;250.146.79.117
752;Eduardo;Di Roberto;edirobertokv@dailymotion.com;Male;93.202.190.123
753;Charlton;Pena;cpenakw@tiny.cc;Male;133.185.230.3
754;Miltie;Mattiassi;mmattiassikx@so-net.ne.jp;Male;167.106.96.121
755;Zedekiah;Capper;zcapperky@trellian.com;Male;75.18.109.131
756;Cy;Fidal;cfidalkz@hibu.com;Male;42.202.145.26
757;Jacques;Pelz;jpelzl0@hubpages.com;Male;244.63.202.231
758;Fredra;Grigorio;fgrigoriol1@tmall.com;Female;162.167.193.49
759;Hulda;Arnholtz;harnholtzl2@xrea.com;Female;154.135.22.105
760;Korry;Ashborne;kashbornel3@comcast.net;Bigender;159.53.178.222
761;Elfreda;Surgood;esurgoodl4@cdbaby.com;Female;161.178.61.15
762;Elwin;Piatti;epiattil5@twitter.com;Male;199.189.96.42
763;Win;Conochie;wconochiel6@wikipedia.org;Male;124.180.50.213
764;Vern;Priestland;vpriestlandl7@nasa.gov;Male;175.68.64.61
765;Reynolds;Broy;rbroyl8@vinaora.com;Male;6.73.209.4
766;Justino;Egerton;jegertonl9@latimes.com;Male;236.161.184.169
767;Emilie;Barford;ebarfordla@pen.io;Female;229.201.203.190
768;Zack;Balser;zbalserlb@wp.com;Male;27.221.234.161
769;Suzi;Grimley;sgrimleylc@smh.com.au;Female;147.95.21.92
770;Calli;Quadri;cquadrild@posterous.com;Female;235.53.103.167
771;Marshall;Denisyuk;mdenisyukle@4shared.com;Male;3.118.210.116
772;Carny;Kellar;ckellarlf@bbc.co.uk;Male;12.204.129.255
773;Nikola;Watkin;nwatkinlg@disqus.com;Male;37.192.74.156
774;Luisa;Maroney;lmaroneylh@foxnews.com;Female;187.179.87.26
775;Alessandra;Varcoe;avarcoeli@rambler.ru;Female;8.159.123.65
776;Federico;Simes;fsimeslj@sciencedirect.com;Male;123.105.63.146
777;Gene;Girodier;ggirodierlk@si.edu;Male;89.30.109.89
778;Rianon;McKeefry;rmckeefryll@arstechnica.com;Female;25.185.215.171
779;Hiram;Navan;hnavanlm@berkeley.edu;Male;134.20.170.145
780;Cedric;McGillecole;cmcgillecoleln@comsenz.com;Male;119.217.190.235
781;Yolande;Bradlaugh;ybradlaughlo@wunderground.com;Female;212.239.189.146
782;Charis;Cicchillo;ccicchillolp@ow.ly;Non-binary;148.235.248.118
783;Christan;Tubby;ctubbylq@freewebs.com;Female;66.12.11.235
784;Giffy;Franseco;gfransecolr@bbc.co.uk;Male;88.129.199.154
785;Verge;Muggleston;vmugglestonls@businessweek.com;Male;242.199.46.59
786;Garrard;Ruppelin;gruppelinlt@mail.ru;Male;36.131.41.59
787;Almeta;Owbridge;aowbridgelu@disqus.com;Female;112.42.141.58
788;Nicol;McRannell;nmcrannelllv@msu.edu;Male;137.168.75.197
789;Paige;Swift;pswiftlw@list-manage.com;Female;22.18.174.226
790;Jonathon;Matcham;jmatchamlx@tinypic.com;Male;5.72.227.97
791;Katey;Snook;ksnookly@youtube.com;Female;177.12.84.77
792;Merrili;Kolodziejski;mkolodziejskilz@t.co;Female;94.195.145.6
793;Tann;Newbatt;tnewbattm0@php.net;Male;239.237.96.193
794;Maurizia;McNelly;mmcnellym1@ameblo.jp;Female;11.149.24.128
795;Shandy;Hauxley;shauxleym2@pagesperso-orange.fr;Polygender;124.188.52.130
796;Marchelle;Bagnal;mbagnalm3@wufoo.com;Female;233.168.180.61
797;Verge;Billinge;vbillingem4@unblog.fr;Male;141.235.251.106
798;Brendis;Cheesley;bcheesleym5@csmonitor.com;Male;139.95.69.175
799;Sisile;Stanford;sstanfordm6@twitpic.com;Female;7.231.156.132
800;Clint;Morrowe;cmorrowem7@bloglines.com;Male;248.146.173.20
801;Adela;Corbridge;acorbridgem8@nbcnews.com;Female;166.177.204.150
802;Kania;Brooke;kbrookem9@about.me;Female;41.153.35.98
803;Estelle;Cheney;echeneyma@sogou.com;Female;217.93.12.74
804;Zane;Matteacci;zmatteaccimb@umn.edu;Male;105.141.220.36
805;Marlane;Brosch;mbroschmc@mozilla.org;Non-binary;201.238.76.116
806;Lockwood;Fenny;lfennymd@theatlantic.com;Male;57.215.218.144
807;Garold;Judkin;gjudkinme@fotki.com;Male;60.153.58.80
808;Concettina;Buckberry;cbuckberrymf@scientificamerican.com;Female;132.126.78.86
809;Garnette;Leith-Harvey;gleithharveymg@eepurl.com;Female;212.204.199.92
810;Sig;Crombleholme;scrombleholmemh@artisteer.com;Male;169.141.111.32
811;Ludwig;Sandbatch;lsandbatchmi@tinyurl.com;Male;202.51.127.40
812;Garrot;Doodney;gdoodneymj@tumblr.com;Male;122.200.119.101
813;Cristy;Bratt;cbrattmk@ihg.com;Female;87.27.42.167
814;Abba;Dibden;adibdenml@go.com;Male;21.223.51.199
815;Cece;Snoxill;csnoxillmm@cdc.gov;Male;198.251.66.113
816;Rosana;Axston;raxstonmn@mayoclinic.com;Female;205.75.62.51
817;Rhianna;Catton;rcattonmo@rambler.ru;Agender;175.133.206.238
818;Lorilee;Ainge;laingemp@flickr.com;Female;93.59.197.145
819;Feliza;Pawden;fpawdenmq@auda.org.au;Female;194.96.143.35
820;Valdemar;Eisold;veisoldmr@cocolog-nifty.com;Male;189.24.162.10
821;Penelopa;Elsey;pelseyms@skyrock.com;Female;155.175.146.227
822;Jamima;Follen;jfollenmt@umich.edu;Female;145.2.253.250
823;Arin;Piperley;apiperleymu@furl.net;Male;146.223.229.16
824;Pandora;Binner;pbinnermv@nps.gov;Female;148.90.218.143
825;Hillary;Simeoni;hsimeonimw@canalblog.com;Male;139.137.147.8
826;Ethelred;Crocumbe;ecrocumbemx@wunderground.com;Male;154.86.213.143
827;Danette;Lawerence;dlawerencemy@bloglines.com;Female;160.79.27.87
828;Tamra;Moberley;tmoberleymz@ucla.edu;Female;20.109.196.33
829;Darrell;Dongate;ddongaten0@theguardian.com;Male;22.48.149.44
830;Briant;Sudron;bsudronn1@addtoany.com;Male;135.59.248.214
831;Binny;Phillpot;bphillpotn2@youtu.be;Female;104.32.246.19
832;Sly;Howson;showsonn3@weibo.com;Male;111.127.115.115
833;Lexi;Marusik;lmarusikn4@nsw.gov.au;Female;139.205.190.175
834;Eduino;Ricciardi;ericciardin5@deviantart.com;Male;128.188.17.239
835;Willyt;Clemmens;wclemmensn6@flavors.me;Female;149.20.61.199
836;Cosette;Hawyes;chawyesn7@behance.net;Female;63.102.206.78
837;Phip;Hickinbottom;phickinbottomn8@histats.com;Non-binary;190.43.169.189
838;August;Fellgatt;afellgattn9@usa.gov;Male;72.54.40.234
839;Othilia;Stapels;ostapelsna@boston.com;Female;126.177.254.45
840;Stephanus;Rudwell;srudwellnb@blogs.com;Male;116.179.216.50
841;Joaquin;Chipman;jchipmannc@mail.ru;Male;28.102.59.43
842;Adrien;Pedrol;apedrolnd@multiply.com;Male;5.242.162.60
843;Malissa;Bilverstone;mbilverstonene@prlog.org;Female;138.31.169.121
844;Brnaba;Corden;bcordennf@usda.gov;Male;32.91.133.61
845;Julienne;Anscott;janscottng@github.io;Female;111.115.236.49
846;Marcile;Petticrew;mpetticrewnh@ow.ly;Female;206.152.221.40
847;Marty;Lafont;mlafontni@google.com.au;Male;223.59.165.191
848;Eberhard;Ripping;erippingnj@amazonaws.com;Male;87.54.57.134
849;Arlena;McKerron;amckerronnk@reuters.com;Female;26.133.191.233
850;Dinnie;Fries;dfriesnl@mtv.com;Female;17.103.143.13
851;Arly;Greave;agreavenm@a8.net;Agender;118.151.127.122
852;Arden;Coopman;acoopmannn@tiny.cc;Female;106.52.181.250
853;Marianne;Tropman;mtropmanno@hhs.gov;Female;122.152.230.113
854;Ardine;Wharin;awharinnp@tumblr.com;Female;73.246.188.110
855;Decca;Saltsberg;dsaltsbergnq@washingtonpost.com;Male;106.139.133.113
856;Griffy;Mitton;gmittonnr@zimbio.com;Male;52.58.90.200
857;Benjy;Colbran;bcolbranns@merriam-webster.com;Male;145.36.94.249
858;Christoper;Gruszecki;cgruszeckint@telegraph.co.uk;Male;185.110.135.112
859;Natala;Ziemsen;nziemsennu@examiner.com;Female;116.237.211.30
860;Urbain;Housbey;uhousbeynv@webnode.com;Male;57.228.51.84
861;Reid;Norley;rnorleynw@nsw.gov.au;Male;133.98.172.106
862;Frankie;Pinkstone;fpinkstonenx@ted.com;Female;53.240.110.141
863;Hardy;Poter;hpoterny@wsj.com;Male;95.185.120.112
864;Ava;Wyett;awyettnz@dell.com;Female;242.170.196.251
865;Aggi;Pilmoor;apilmooro0@dedecms.com;Female;24.239.2.207
866;Hamid;Picott;hpicotto1@goo.gl;Male;102.159.196.11
867;Alessandra;Woofendell;awoofendello2@com.com;Female;196.115.124.162
868;Lissie;Jearum;ljearumo3@un.org;Female;189.183.115.232
869;Gillan;Kerr;gkerro4@bbb.org;Female;158.61.42.127
870;Bat;Olivelli;bolivellio5@imgur.com;Male;110.58.63.161
871;Gabi;Petroulis;gpetrouliso6@home.pl;Female;132.223.25.157
872;Gilberta;Fass;gfasso7@unc.edu;Female;170.10.122.253
873;Sharia;De Lascy;sdelascyo8@kickstarter.com;Bigender;109.21.205.145
874;Niccolo;Simmans;nsimmanso9@businessinsider.com;Male;199.52.110.112
875;Gearalt;Babcock;gbabcockoa@narod.ru;Male;220.200.223.111
876;Gustavus;Featherstonhalgh;gfeatherstonhalghob@msn.com;Male;43.6.244.25
877;Norrie;Emmert;nemmertoc@mozilla.com;Male;99.238.4.49
878;Jaclyn;Devenport;jdevenportod@naver.com;Female;135.180.110.207
879;Standford;Coveny;scovenyoe@engadget.com;Male;223.54.69.198
880;Lonee;Ruggs;lruggsof@newsvine.com;Female;69.0.203.75
881;Addia;Bacop;abacopog@sohu.com;Female;223.181.199.59
882;Karlens;Daybell;kdaybelloh@msn.com;Male;213.154.5.5
883;Brady;Sor;bsoroi@aol.com;Male;40.186.24.195
884;Stanton;Herries;sherriesoj@indiegogo.com;Male;85.31.57.195
885;Fanechka;Storie;fstorieok@tripadvisor.com;Female;83.152.149.147
886;Eveleen;Giacobbo;egiacobbool@com.com;Female;131.40.237.147
887;Sherilyn;Cloke;sclokeom@live.com;Female;36.144.75.194
888;Genevieve;Evens;gevenson@so-net.ne.jp;Female;84.164.241.1
889;Aron;Andrich;aandrichoo@nps.gov;Male;142.128.218.214
890;Gayleen;Broxis;gbroxisop@house.gov;Female;141.105.16.182
891;Madeleine;Geane;mgeaneoq@myspace.com;Female;225.118.154.80
892;Alvina;Nellen;anellenor@wisc.edu;Female;192.41.67.77
893;Tam;Douce;tdouceos@nsw.gov.au;Male;173.72.113.13
894;Khalil;Morfett;kmorfettot@gravatar.com;Male;233.250.92.173
895;Hannis;Trew;htrewou@de.vu;Female;36.235.151.82
896;Cybill;Trevaskiss;ctrevaskissov@foxnews.com;Female;155.208.49.42
897;Virgina;MacKeeg;vmackeegow@skype.com;Female;86.63.179.159
898;Dallas;Lowden;dlowdenox@netvibes.com;Female;220.123.103.229
899;Fiorenze;Crowche;fcrowcheoy@google.de;Genderqueer;163.182.48.17
900;Aldous;Houdhury;ahoudhuryoz@foxnews.com;Male;81.177.216.172
901;Natalee;Lydden;nlyddenp0@pinterest.com;Female;206.102.100.49
902;Tobie;Shimmings;tshimmingsp1@geocities.com;Male;251.216.94.198
903;Sonny;Colin;scolinp2@barnesandnoble.com;Agender;221.71.18.162
904;Brandais;Hallworth;bhallworthp3@go.com;Female;156.17.160.82
905;Rafaello;Brickell;rbrickellp4@rakuten.co.jp;Male;109.195.105.176
906;Annis;Hartford;ahartfordp5@nsw.gov.au;Bigender;197.228.70.125
907;Ulises;Collum;ucollump6@diigo.com;Male;121.48.184.148
908;Rufe;Muccino;rmuccinop7@ehow.com;Male;10.254.101.80
909;Editha;Quigley;equigleyp8@oracle.com;Female;94.46.88.109
910;Marie-jeanne;Smieton;msmietonp9@newyorker.com;Female;194.182.58.212
911;Elset;Dametti;edamettipa@furl.net;Female;22.135.184.209
912;Amelina;Lindenfeld;alindenfeldpb@de.vu;Female;112.79.233.39
913;Natal;Jerg;njergpc@epa.gov;Male;104.48.95.232
914;Bearnard;Hearnshaw;bhearnshawpd@constantcontact.com;Male;224.192.84.96
915;Gardy;Dealy;gdealype@macromedia.com;Male;44.17.16.175
916;Bess;Delagua;bdelaguapf@aboutads.info;Genderqueer;11.109.30.166
917;Fletcher;Dagworthy;fdagworthypg@behance.net;Male;34.193.205.72
918;Guillermo;Rumsby;grumsbyph@marriott.com;Male;248.115.6.62
919;Katlin;Halliberton;khallibertonpi@newsvine.com;Female;139.241.66.112
920;Odele;Gurton;ogurtonpj@omniture.com;Female;168.86.105.37
921;Agata;Overstall;aoverstallpk@furl.net;Female;214.0.125.73
922;Jodi;Brookton;jbrooktonpl@xrea.com;Female;160.9.202.242
923;Graham;Hallmark;ghallmarkpm@cbsnews.com;Bigender;66.215.135.227
924;Erna;McGiffin;emcgiffinpn@histats.com;Genderfluid;178.11.60.182
925;Jereme;Worwood;jworwoodpo@unc.edu;Male;3.222.109.202
926;Lynsey;Nock;lnockpp@narod.ru;Female;48.109.211.66
927;Duncan;Sennett;dsennettpq@patch.com;Male;39.188.35.96
928;Randy;Brychan;rbrychanpr@unicef.org;Female;229.172.168.94
929;Angelia;Burrass;aburrassps@cmu.edu;Genderqueer;221.192.223.19
930;Harman;Helin;hhelinpt@uiuc.edu;Male;145.253.30.254
931;Roger;Bottleson;rbottlesonpu@macromedia.com;Male;195.189.102.78
932;Berny;Ensten;benstenpv@surveymonkey.com;Female;147.146.216.183
933;Nicolle;Florentine;nflorentinepw@dmoz.org;Female;220.13.3.84
934;Cherilyn;Danilowicz;cdanilowiczpx@nydailynews.com;Female;226.21.120.82
935;Eleanora;Burdon;eburdonpy@angelfire.com;Female;119.240.205.226
936;Eolanda;Medford;emedfordpz@admin.ch;Female;210.17.109.182
937;Ewen;Edens;eedensq0@elegantthemes.com;Male;133.104.48.57
938;Antonella;Boone;abooneq1@nationalgeographic.com;Female;184.93.21.143
939;Rosaleen;Menezes;rmenezesq2@ibm.com;Female;67.64.51.244
940;Ileane;Canwell;icanwellq3@stanford.edu;Female;124.181.178.190
941;Edee;Rubega;erubegaq4@miibeian.gov.cn;Female;118.177.52.202
942;Emmott;Diggens;ediggensq5@jigsy.com;Male;248.120.18.128
943;Rowena;Hawyes;rhawyesq6@pbs.org;Female;189.216.81.156
944;Melly;Lissaman;mlissamanq7@google.es;Female;220.249.186.65
945;Marina;Lieber;mlieberq8@360.cn;Polygender;67.16.4.48
946;Baily;Holt;bholtq9@businessinsider.com;Male;241.249.225.255
947;Mira;Findlow;mfindlowqa@tmall.com;Female;130.8.1.135
948;Cariotta;Banbrigge;cbanbriggeqb@smugmug.com;Female;142.236.253.223
949;Putnem;Laville;plavilleqc@unc.edu;Male;71.228.232.213
950;Trudey;Ratter;tratterqd@apache.org;Female;58.255.151.116
951;Tait;Grinyakin;tgrinyakinqe@cmu.edu;Genderqueer;13.150.81.27
952;Abramo;Jaksic;ajaksicqf@theguardian.com;Male;103.109.164.101
953;Katharyn;Wavish;kwavishqg@xing.com;Female;145.187.102.44
954;Katheryn;MacRury;kmacruryqh@bloomberg.com;Female;241.136.3.157
955;Roda;Easterfield;reasterfieldqi@oaic.gov.au;Female;68.156.84.60
956;Melitta;Dunbleton;mdunbletonqj@biglobe.ne.jp;Female;109.169.225.69
957;Kaspar;O'Henery;koheneryqk@blogspot.com;Male;25.90.15.149
958;Willy;Crannell;wcrannellql@mtv.com;Female;126.232.213.94
959;Calv;MacGregor;cmacgregorqm@issuu.com;Male;100.155.246.181
960;Merry;Gervaise;mgervaiseqn@opensource.org;Male;46.202.235.7
961;Eward;Reihm;ereihmqo@hostgator.com;Male;58.106.40.42
962;Heidi;Diggens;hdiggensqp@unc.edu;Polygender;113.38.21.131
963;Natividad;Cuthbert;ncuthbertqq@opera.com;Female;87.98.186.61
964;Albie;Elliot;aelliotqr@weather.com;Male;16.144.184.135
965;Trudy;Kings;tkingsqs@geocities.com;Female;255.100.16.65
966;Hew;Hammond;hhammondqt@purevolume.com;Male;160.159.163.183
967;Ertha;Pepineaux;epepineauxqu@naver.com;Female;160.82.56.171
968;Percival;Hackey;phackeyqv@si.edu;Bigender;37.163.94.189
969;Bree;La Wille;blawilleqw@princeton.edu;Female;122.32.196.192
970;Rory;Bedding;rbeddingqx@gizmodo.com;Male;176.248.138.70
971;Cyrill;Schofield;cschofieldqy@stanford.edu;Agender;134.114.158.97
972;Emmie;Reese;ereeseqz@globo.com;Female;67.81.235.34
973;Wilmer;Summerton;wsummertonr0@icq.com;Male;146.36.33.123
974;Hyacinthe;Couronne;hcouronner1@pbs.org;Female;104.254.142.87
975;Vanni;Kenrat;vkenratr2@scientificamerican.com;Non-binary;113.192.29.55
976;Waylon;Horlock;whorlockr3@scientificamerican.com;Male;107.79.249.159
977;Lindsey;Starrs;lstarrsr4@youtube.com;Male;215.70.86.184
978;Eldredge;Keyhoe;ekeyhoer5@nih.gov;Male;54.66.61.187
979;Morris;Tremolieres;mtremolieresr6@huffingtonpost.com;Male;198.140.150.116
980;Antonin;Sillitoe;asillitoer7@nhs.uk;Male;104.22.196.40
981;Elva;Klagge;eklagger8@amazon.de;Genderqueer;143.163.160.6
982;Jerome;Jindracek;jjindracekr9@mac.com;Male;193.159.224.34
983;Willy;Laffan;wlaffanra@purevolume.com;Female;36.156.59.21
984;Nealy;Vigars;nvigarsrb@ox.ac.uk;Male;81.239.47.118
985;Abe;Jarvie;ajarvierc@livejournal.com;Male;204.192.77.152
986;Lizzy;Ward;lwardrd@buzzfeed.com;Female;233.168.63.245
987;Blakeley;Teal;btealre@parallels.com;Female;41.22.8.220
988;Purcell;Beilby;pbeilbyrf@cyberchimps.com;Male;69.253.143.212
989;Merilee;Iannazzi;miannazzirg@usnews.com;Female;44.182.241.147
990;Bord;Streatley;bstreatleyrh@altervista.org;Male;189.47.169.230
991;Stillmann;Wane;swaneri@amazon.co.uk;Male;251.109.4.207
992;Cyril;Dew;cdewrj@marriott.com;Genderqueer;169.96.2.90
993;Hetty;Bruneton;hbrunetonrk@zimbio.com;Female;252.138.45.28
994;Meir;Clough;mcloughrl@devhub.com;Male;7.111.18.97
995;Carline;Sickert;csickertrm@networkadvertising.org;Female;167.35.171.234
996;Brodie;Pawsey;bpawseyrn@jigsy.com;Male;170.45.25.166
997;Boy;Rusted;brustedro@hc360.com;Male;119.211.90.153
998;Nevins;Sorrill;nsorrillrp@ezinearticles.com;Male;188.133.158.142
999;Faustina;Antonijevic;fantonijevicrq@miibeian.gov.cn;Female;218.175.167.22
1000;Filippo;Wapples;fwapplesrr@angelfire.com;Male;245.46.185.12
